Дата посещения,День недели,Торговый представитель,Номер точки маршрута,Название точки,Адрес точки,Время прибытия,Продолжительность посещения,Частота посещения ( раз в неделю),Дистанция до следующей
18.05.2020,Monday,МЕРЧЕНДАЙЗЕР_0,1,Эдельвейс,"г.Казань, Павлова ул., 23",09:00,1:14,2,0.874
18.05.2020,Monday,МЕРЧЕНДАЙЗЕР_0,2,Пятёрочка,"г.Казань, Эсперанто ул., 41",10:14,0:47,1,1.957
18.05.2020,Monday,МЕРЧЕНДАЙЗЕР_0,3,Пятёрочка,"г.Казань, Саид-Галеева ул., 6",11:03,1:26,2,7.732
18.05.2020,Monday,МЕРЧЕНДАЙЗЕР_0,4,Эдельвейс,"г.Казань, Фрунзе , 9",12:37,2:02,2,5.489
18.05.2020,Monday,МЕРЧЕНДАЙЗЕР_0,5,Эдельвейс,"г.Казань, Амирхана ул., 97",14:46,1:33,2,-1.0
18.05.2020,Monday,МЕРЧЕНДАЙЗЕР_1,1,Эдельвейс,"г.Казань, Амирхана ул., 41",09:00,1:11,2,0.731
18.05.2020,Monday,МЕРЧЕНДАЙЗЕР_1,2,Пятёрочка,"г.Казань, Адоратского ул., 29",10:11,0:59,2,1.756
18.05.2020,Monday,МЕРЧЕНДАЙЗЕР_1,3,Пятёрочка,"г.Казань, Амирхана ул., 36",11:12,0:30,2,0.98
18.05.2020,Monday,МЕРЧЕНДАЙЗЕР_1,4,Пятёрочка,"г.Казань, Амирхана ул., 30",11:43,0:35,2,0.222
18.05.2020,Monday,МЕРЧЕНДАЙЗЕР_1,5,Эдельвейс,"г.Казань, Адоратского ул., 33а",12:18,1:43,4,1.598
18.05.2020,Monday,МЕРЧЕНДАЙЗЕР_1,6,Магнит,"г.Казань, Фатыха Амирхана пр-кт, 97а",14:03,0:37,2,0.0
18.05.2020,Monday,МЕРЧЕНДАЙЗЕР_1,7,Пятёрочка,"г.Казань, Амирхана пр-кт, 85 А",14:40,0:41,2,0.896
18.05.2020,Monday,МЕРЧЕНДАЙЗЕР_1,8,Магнит,"г.Казань, Горьковское ш., 6",15:22,1:32,2,3.743
18.05.2020,Monday,МЕРЧЕНДАЙЗЕР_1,9,Пятёрочка,"г.Казань, Вишневского ул., 10",16:57,0:59,2,3.499
18.05.2020,Monday,МЕРЧЕНДАЙЗЕР_1,10,Магнит,"г.Казань, Достоевского ул., 53",18:00,0:24,2,-1.0
18.05.2020,Monday,МЕРЧЕНДАЙЗЕР_2,1,Пятёрочка,"г.Казань, Вишневского ул., 49",09:00,1:08,3,4.373
18.05.2020,Monday,МЕРЧЕНДАЙЗЕР_2,2,Эдельвейс,"г.Казань, Кошевого ул., 6",10:12,1:06,2,1.808
18.05.2020,Monday,МЕРЧЕНДАЙЗЕР_2,3,Верный,"г.Казань, Бондаренко ул., 26",11:20,0:20,2,4.164
18.05.2020,Monday,МЕРЧЕНДАЙЗЕР_2,4,Магнит,"г.Казань, Баки Урманче ул., 8",11:44,1:26,2,0.316
18.05.2020,Monday,МЕРЧЕНДАЙЗЕР_2,5,Бахетле,"г.Казань, Декабристов ул., 178А",13:10,1:20,3,1.912
18.05.2020,Monday,МЕРЧЕНДАЙЗЕР_2,6,Эдельвейс,"г.Казань, Ямашева пр-кт, 54",14:32,0:52,3,3.059
18.05.2020,Monday,МЕРЧЕНДАЙЗЕР_2,7,Магнит,"г.Казань, Короленко ул., 41",15:27,0:23,2,5.309
18.05.2020,Monday,МЕРЧЕНДАЙЗЕР_2,8,Эдельвейс,"г.Казань, Мамадышский тракт, 36а",15:55,1:55,2,-1.0
18.05.2020,Monday,МЕРЧЕНДАЙЗЕР_3,1,Эдельвейс,"г.Казань, Петербургская ул., 1",09:00,2:27,3,4.776
18.05.2020,Monday,МЕРЧЕНДАЙЗЕР_3,2,Эдельвейс,"г.Казань, Ибрагимова ул., 41",11:31,0:29,2,2.084
18.05.2020,Monday,МЕРЧЕНДАЙЗЕР_3,3,Бахетле,"г.Казань, Павлюхина ул., 57",12:02,1:10,4,2.031
18.05.2020,Monday,МЕРЧЕНДАЙЗЕР_3,4,Бахетле,"г.Казань, Ершова ул., 8",13:14,1:39,3,5.032
18.05.2020,Monday,МЕРЧЕНДАЙЗЕР_3,5,Бахетле,"г.Казань, Залесная ул., 66",14:58,1:39,2,-1.0
18.05.2020,Monday,МЕРЧЕНДАЙЗЕР_4,1,Пятёрочка,"г.Казань, Мамадышский тракт ул., 48",09:00,1:47,2,4.804
18.05.2020,Monday,МЕРЧЕНДАЙЗЕР_4,2,Бахетле,"г.Казань, Сибирский тракт, 4",10:51,1:10,3,5.615
18.05.2020,Monday,МЕРЧЕНДАЙЗЕР_4,3,Эдельвейс,"г.Казань, Фучика ул., 30",12:07,1:20,3,9.112
18.05.2020,Monday,МЕРЧЕНДАЙЗЕР_4,4,Магнит,"г.Казань, Фучика ул., 87",13:36,0:26,2,4.081
18.05.2020,Monday,МЕРЧЕНДАЙЗЕР_4,5,Эдельвейс,"г.Казань, Фучика ул., 105 а",14:06,2:04,2,0.29
18.05.2020,Monday,МЕРЧЕНДАЙЗЕР_4,6,Пятёрочка,"г.Казань, Юлиуса Фучика ул., 105А",16:10,1:09,2,0.668
18.05.2020,Monday,МЕРЧЕНДАЙЗЕР_4,7,Эссен,"г.Казань, Кул-Гали ул., 9А",17:20,0:35,4,-1.0
18.05.2020,Monday,МЕРЧЕНДАЙЗЕР_5,1,Пятёрочка,"г.Казань, Сибирский тракт ул., 17",09:00,1:18,2,0.97
18.05.2020,Monday,МЕРЧЕНДАЙЗЕР_5,2,Бахетле,"г.Казань, Ленинградская ул., 27",10:18,1:36,2,2.531
18.05.2020,Monday,МЕРЧЕНДАЙЗЕР_5,3,Бахетле,"г.Казань, Мамадышский тракт, 46",11:57,1:05,2,0.57
18.05.2020,Monday,МЕРЧЕНДАЙЗЕР_5,4,Пятёрочка,"г.Казань, Профессора Камая ул., 1",13:03,1:06,2,2.412
18.05.2020,Monday,МЕРЧЕНДАЙЗЕР_5,5,Пятёрочка,"г.Казань, Маршала Чуйкова ул., 25",14:11,0:25,2,5.711
18.05.2020,Monday,МЕРЧЕНДАЙЗЕР_5,6,Бахетле,"г.Казань, Проспект Победы , 141",14:42,1:09,3,-1.0
18.05.2020,Monday,МЕРЧЕНДАЙЗЕР_6,1,Пятёрочка,"г.Казань, Ибрагимова пр-кт, 1",09:00,0:59,2,6.352
18.05.2020,Monday,МЕРЧЕНДАЙЗЕР_6,2,Пятёрочка,"г.Казань, Мавлютова ул., 29",10:05,0:33,3,-1.0
18.05.2020,Monday,МЕРЧЕНДАЙЗЕР_7,1,Магнит,"г.Казань, Академика Парина ул., 22",09:00,1:02,2,0.589
18.05.2020,Monday,МЕРЧЕНДАЙЗЕР_7,2,Эдельвейс,"г.Казань, Победы пр-кт, 220В",10:02,0:48,2,2.423
18.05.2020,Monday,МЕРЧЕНДАЙЗЕР_7,3,Эдельвейс,"г.Казань, Победы пр-кт, 116",10:53,0:38,2,0.857
18.05.2020,Monday,МЕРЧЕНДАЙЗЕР_7,4,Магнит,"г.Казань, Юлиуса Фучика ул., 49",11:31,0:43,2,0.763
18.05.2020,Monday,МЕРЧЕНДАЙЗЕР_7,5,Пятёрочка,"г.Казань, Победы пр-кт, 33",12:15,0:31,2,0.519
18.05.2020,Monday,МЕРЧЕНДАЙЗЕР_7,6,Эдельвейс,"г.Казань, Эсперанто ул., 54",12:47,1:13,2,0.51
18.05.2020,Monday,МЕРЧЕНДАЙЗЕР_7,7,Эдельвейс,"г.Казань, Эсперанто ул., 9/2",14:00,0:23,2,0.364
18.05.2020,Monday,МЕРЧЕНДАЙЗЕР_7,8,Магнит,"г.Казань, Ломжинская ул., 4а",14:24,0:34,2,0.903
18.05.2020,Monday,МЕРЧЕНДАЙЗЕР_7,9,Эдельвейс,"г.Казань, Ломжинская ул, 2 а",14:58,0:54,4,0.87
18.05.2020,Monday,МЕРЧЕНДАЙЗЕР_7,10,Пятёрочка,"г.Казань, Рихарда Зорге ул., 47",15:53,1:28,2,-1.0
18.05.2020,Monday,МЕРЧЕНДАЙЗЕР_8,1,Детский мир,"г.Казань, Победы пр-кт, 141",09:00,2:24,3,1.341
18.05.2020,Monday,МЕРЧЕНДАЙЗЕР_8,2,Детский мир,"г.Казань, Петербургская ул., 9",11:25,3:05,5,-1.0
18.05.2020,Monday,МЕРЧЕНДАЙЗЕР_9,1,Карусель,"г.Казань, Ямашева пр-кт, 93",09:00,3:57,2,0.982
18.05.2020,Monday,МЕРЧЕНДАЙЗЕР_9,2,Эдельвейс,"г.Казань, Парина ул., 16",12:57,0:46,3,-1.0
18.05.2020,Monday,МЕРЧЕНДАЙЗЕР_10,1,Эдельвейс,"г.Казань, Ибрагимова пр-кт, 59",09:00,1:03,2,0.534
18.05.2020,Monday,МЕРЧЕНДАЙЗЕР_10,2,Пятёрочка,"г.Казань, Мусина ул., 29б",10:03,0:45,2,0.812
18.05.2020,Monday,МЕРЧЕНДАЙЗЕР_10,3,Пятёрочка,"г.Казань, Ямашева пр-кт, 54 корп. 2",10:49,0:45,2,0.416
18.05.2020,Monday,МЕРЧЕНДАЙЗЕР_10,4,Магнит,"г.Казань, Ямашева пр-кт, 23",11:34,1:26,2,0.475
18.05.2020,Monday,МЕРЧЕНДАЙЗЕР_10,5,Бахетле,"г.Казань, Зорге ул., 77",13:01,1:40,2,0.284
18.05.2020,Monday,МЕРЧЕНДАЙЗЕР_10,6,Детский мир,"г.Казань, Ибрагимова пр-кт, 56",14:41,2:50,5,0.629
18.05.2020,Monday,МЕРЧЕНДАЙЗЕР_10,7,Магнит,"г.Казань, Ибрагимова пр-кт, 83а",17:32,0:24,2,-1.0
18.05.2020,Monday,МЕРЧЕНДАЙЗЕР_11,1,Лента,"г.Казань, Рихарда Зорге ул., 11б",09:00,4:19,4,3.742
18.05.2020,Monday,МЕРЧЕНДАЙЗЕР_11,2,Пятёрочка,"г.Казань, Гвардейская ул., 44",13:22,1:57,1,14.364
18.05.2020,Monday,МЕРЧЕНДАЙЗЕР_11,3,Эдельвейс,"г.Казань, Мавлютова ул, 17",15:34,1:18,3,-1.0
18.05.2020,Monday,МЕРЧЕНДАЙЗЕР_12,1,Эдельвейс,"г.Казань, Гвардейская ул., 40",09:00,0:34,2,0.941
18.05.2020,Monday,МЕРЧЕНДАЙЗЕР_12,2,Детский мир,"г.Казань, Рихарда Зорге ул., 11б",09:34,2:18,3,11.865
18.05.2020,Monday,МЕРЧЕНДАЙЗЕР_12,3,Эдельвейс,"г.Казань, Короленко ул., 73",12:04,0:52,2,1.932
18.05.2020,Monday,МЕРЧЕНДАЙЗЕР_12,4,Эдельвейс,"г.Казань, Оренбургский тракт, 138",12:58,0:35,3,0.628
18.05.2020,Monday,МЕРЧЕНДАЙЗЕР_12,5,Магнит,"г.Казань, Родины  ул., 1",13:34,1:24,2,2.031
18.05.2020,Monday,МЕРЧЕНДАЙЗЕР_12,6,Эдельвейс,"г.Казань, Адоратского ул., 11 а",15:00,2:02,2,1.293
18.05.2020,Monday,МЕРЧЕНДАЙЗЕР_12,7,Перекресток,"г.Казань, Победы пр-кт, 50б",17:04,0:52,3,3.037
18.05.2020,Monday,МЕРЧЕНДАЙЗЕР_12,8,Магнит,"г.Казань, Фрунзе ул., 11",17:59,0:34,2,-1.0
18.05.2020,Monday,МЕРЧЕНДАЙЗЕР_13,1,Карусель,"г.Казань, Фучика ул., 90",09:00,1:35,2,0.529
18.05.2020,Monday,МЕРЧЕНДАЙЗЕР_13,2,Эдельвейс,"г.Казань, Нижняя ул., 8",10:35,1:03,2,2.21
18.05.2020,Monday,МЕРЧЕНДАЙЗЕР_13,3,Пятёрочка,"г.Казань, Баки Урманче ул., 8",11:40,0:59,2,-1.0
18.05.2020,Monday,МЕРЧЕНДАЙЗЕР_14,1,Бахетле,"г.Казань, Ямашева пр-кт, 71а",09:00,1:03,3,3.031
18.05.2020,Monday,МЕРЧЕНДАЙЗЕР_14,2,Магнит,"г.Казань, Чуйкова ул., 25",10:06,1:26,2,3.626
18.05.2020,Monday,МЕРЧЕНДАЙЗЕР_14,3,Бахетле,"г.Казань, Московская ул., 2",11:35,1:31,2,1.43
18.05.2020,Monday,МЕРЧЕНДАЙЗЕР_14,4,Эдельвейс,"г.Казань, Максимова ул., 4а",13:08,1:12,2,0.423
18.05.2020,Monday,МЕРЧЕНДАЙЗЕР_14,5,Пятёрочка,"г.Казань, Залесная ул., 5",14:20,0:52,2,0.0
18.05.2020,Monday,МЕРЧЕНДАЙЗЕР_14,6,Пятёрочка,"г.Казань, Горьковское ш., 4",15:12,1:33,2,0.242
18.05.2020,Monday,МЕРЧЕНДАЙЗЕР_14,7,Эдельвейс,"г.Казань, Гареева ул., 108",16:45,1:25,3,-1.0
19.05.2020,Tuesday,МЕРЧЕНДАЙЗЕР_0,1,Эдельвейс,"г.Казань, Восстания ул., 56",09:00,1:05,3,13.0
19.05.2020,Tuesday,МЕРЧЕНДАЙЗЕР_0,2,Эдельвейс,"г.Казань, Адоратского ул., 12",10:18,1:50,3,1.871
19.05.2020,Tuesday,МЕРЧЕНДАЙЗЕР_0,3,Эдельвейс,"г.Казань, Голубятникова ул., 21а",12:09,1:12,2,1.098
19.05.2020,Tuesday,МЕРЧЕНДАЙЗЕР_0,4,Пятёрочка,"г.Казань, Ямашева пр-кт, 92а",13:22,0:43,2,1.402
19.05.2020,Tuesday,МЕРЧЕНДАЙЗЕР_0,5,Эдельвейс,"г.Казань, Мусина ул., 61б",14:07,0:26,2,-1.0
19.05.2020,Tuesday,МЕРЧЕНДАЙЗЕР_1,1,Эдельвейс,"г.Казань, Гаврилова ул., 30",09:00,1:04,2,1.173
19.05.2020,Tuesday,МЕРЧЕНДАЙЗЕР_1,2,Пятёрочка,"г.Казань, Ямашева ул., 82",10:05,0:41,2,1.559
19.05.2020,Tuesday,МЕРЧЕНДАЙЗЕР_1,3,Магнит,"г.Казань, Авангардная ул., 58",10:47,0:44,1,2.187
19.05.2020,Tuesday,МЕРЧЕНДАЙЗЕР_1,4,Магнит,"г.Казань, Гаврилова ул., 30",11:33,0:34,1,1.612
19.05.2020,Tuesday,МЕРЧЕНДАЙЗЕР_1,5,Магнит,"г.Казань, Маршала Чуйкова ул., 3",12:09,0:39,2,0.316
19.05.2020,Tuesday,МЕРЧЕНДАЙЗЕР_1,6,Пятёрочка,"г.Казань, Даурская ул., 37",12:48,0:54,2,0.036
19.05.2020,Tuesday,МЕРЧЕНДАЙЗЕР_1,7,Эдельвейс,"г.Казань, Адоратского ул., 33а",13:42,1:43,4,1.025
19.05.2020,Tuesday,МЕРЧЕНДАЙЗЕР_1,8,Эдельвейс,"г.Казань, Карбышева ул., 15",15:26,0:41,2,4.025
19.05.2020,Tuesday,МЕРЧЕНДАЙЗЕР_1,9,Эдельвейс,"г.Казань, Патриса Лумумбы ул., 28",16:11,0:48,1,2.219
19.05.2020,Tuesday,МЕРЧЕНДАЙЗЕР_1,10,Эдельвейс,"г.Казань, Авангардная ул., 171 б",17:02,1:00,2,-1.0
19.05.2020,Tuesday,МЕРЧЕНДАЙЗЕР_2,1,Пятёрочка,"г.Казань, Вишневского ул., 49",09:00,1:08,3,1.743
19.05.2020,Tuesday,МЕРЧЕНДАЙЗЕР_2,2,Пятёрочка,"г.Казань, Универсиады пр-кт, 12",10:09,0:39,2,1.471
19.05.2020,Tuesday,МЕРЧЕНДАЙЗЕР_2,3,Эдельвейс,"г.Казань, Универсиады пр-кт, 16",10:50,0:55,2,3.871
19.05.2020,Tuesday,МЕРЧЕНДАЙЗЕР_2,4,Магнит,"г.Казань, Чистопольская ул., 11",11:49,1:15,2,2.718
19.05.2020,Tuesday,МЕРЧЕНДАЙЗЕР_2,5,Перекресток,"г.Казань, Чистопольская ул., 69",13:06,0:59,2,1.521
19.05.2020,Tuesday,МЕРЧЕНДАЙЗЕР_2,6,Бахетле,"г.Казань, Чистопольская ул., 14",14:07,1:02,2,-1.0
19.05.2020,Tuesday,МЕРЧЕНДАЙЗЕР_3,1,Бахетле,"г.Казань, Павлюхина ул., 57",09:00,1:10,4,2.031
19.05.2020,Tuesday,МЕРЧЕНДАЙЗЕР_3,2,Бахетле,"г.Казань, Ершова ул., 8",10:12,1:39,3,1.24
19.05.2020,Tuesday,МЕРЧЕНДАЙЗЕР_3,3,Пятёрочка,"г.Казань, Профессора Камая ул., 8А",11:52,0:40,2,4.899
19.05.2020,Tuesday,МЕРЧЕНДАЙЗЕР_3,4,Магнит,"г.Казань, Авангардная ул., 90 корп.48",12:37,0:37,2,-1.0
19.05.2020,Tuesday,МЕРЧЕНДАЙЗЕР_4,1,Эдельвейс,"г.Казань, Зорге ул., 97",09:00,0:51,2,1.05
19.05.2020,Tuesday,МЕРЧЕНДАЙЗЕР_4,2,Эссен,"г.Казань, Кул-Гали ул., 9А",09:52,0:35,4,7.032
19.05.2020,Tuesday,МЕРЧЕНДАЙЗЕР_4,3,Магнит,"г.Казань, Юлиуса Фучика ул., 88",10:34,0:10,2,2.137
19.05.2020,Tuesday,МЕРЧЕНДАЙЗЕР_4,4,Эдельвейс,"г.Казань, Фучика ул., 72",10:46,1:59,3,0.088
19.05.2020,Tuesday,МЕРЧЕНДАЙЗЕР_4,5,Магнит,"г.Казань, Зорге ул., 66",12:45,0:35,2,1.068
19.05.2020,Tuesday,МЕРЧЕНДАЙЗЕР_4,6,Эдельвейс,"г.Казань, Сафиуллина ул., 40",13:21,1:42,2,3.96
19.05.2020,Tuesday,МЕРЧЕНДАЙЗЕР_4,7,Пятёрочка,"г.Казань, Лушникова ул., 2",15:07,1:12,2,2.159
19.05.2020,Tuesday,МЕРЧЕНДАЙЗЕР_4,8,Пятёрочка,"г.Казань, Мира ул., 7",16:21,0:33,2,3.607
19.05.2020,Tuesday,МЕРЧЕНДАЙЗЕР_4,9,Магнит,"г.Казань, Ямашева пр-кт, 28а",16:58,0:42,1,-1.0
19.05.2020,Tuesday,МЕРЧЕНДАЙЗЕР_5,1,Эдельвейс,"г.Казань, 40 лет Октября ул., 4",09:00,1:03,2,3.064
19.05.2020,Tuesday,МЕРЧЕНДАЙЗЕР_5,2,Верный,"г.Казань, Ямашева пр-кт, 33б",10:06,0:45,2,1.18
19.05.2020,Tuesday,МЕРЧЕНДАЙЗЕР_5,3,Пятёрочка,"г.Казань, Чуйкова ул., 17",10:52,0:45,2,0.278
19.05.2020,Tuesday,МЕРЧЕНДАЙЗЕР_5,4,Магнит,"г.Казань, Чуйкова ул., 23",11:37,1:26,2,0.0
19.05.2020,Tuesday,МЕРЧЕНДАЙЗЕР_5,5,Магнит,"г.Казань, Ямашева пр-кт, 39",13:03,2:35,2,4.963
19.05.2020,Tuesday,МЕРЧЕНДАЙЗЕР_5,6,Магнит,"г.Казань, Галимжана Баруди ул., 8",15:43,0:49,2,3.555
19.05.2020,Tuesday,МЕРЧЕНДАЙЗЕР_5,7,Пятёрочка,"г.Казань, Восстания ул., 86",16:36,1:18,1,5.664
19.05.2020,Tuesday,МЕРЧЕНДАЙЗЕР_5,8,Эдельвейс,"г.Казань, Зорге ул., 48",17:59,0:44,2,0.0
19.05.2020,Tuesday,МЕРЧЕНДАЙЗЕР_5,9,Пятёрочка,"г.Казань, Мира ул., 33",18:43,0:14,2,-1.0
19.05.2020,Tuesday,МЕРЧЕНДАЙЗЕР_6,1,Пятёрочка,"г.Казань, Ибрагимова пр-кт, 45",09:00,1:13,2,1.004
19.05.2020,Tuesday,МЕРЧЕНДАЙЗЕР_6,2,Магнит,"г.Казань, Ибрагимова пр-кт, 43а",10:14,0:45,1,8.057
19.05.2020,Tuesday,МЕРЧЕНДАЙЗЕР_6,3,Перекресток,"г.Казань, Сибирский тракт ул., 34",11:07,0:56,2,0.083
19.05.2020,Tuesday,МЕРЧЕНДАЙЗЕР_6,4,Эдельвейс,"г.Казань, Карбышева ул., 35",12:03,0:31,2,1.447
19.05.2020,Tuesday,МЕРЧЕНДАЙЗЕР_6,5,Бахетле,"г.Казань, Мира ул., 29а",12:35,2:02,2,0.642
19.05.2020,Tuesday,МЕРЧЕНДАЙЗЕР_6,6,Эдельвейс,"г.Казань, Мира ул., 37",14:39,0:46,2,0.651
19.05.2020,Tuesday,МЕРЧЕНДАЙЗЕР_6,7,Магнит,"г.Казань, Татарстан ул., 7",15:25,0:43,2,1.05
19.05.2020,Tuesday,МЕРЧЕНДАЙЗЕР_6,8,Эдельвейс,"г.Казань, Кул Гали ул., 32",16:09,1:50,2,-1.0
19.05.2020,Tuesday,МЕРЧЕНДАЙЗЕР_7,1,Перекресток,"г.Казань, Спартаковская ул., 6",09:00,1:02,2,1.973
19.05.2020,Tuesday,МЕРЧЕНДАЙЗЕР_7,2,Эдельвейс,"г.Казань, Главная ул., 69",10:03,3:15,2,0.178
19.05.2020,Tuesday,МЕРЧЕНДАЙЗЕР_7,3,Пятёрочка,"г.Казань, Даурская ул., 38",13:19,0:59,2,1.987
19.05.2020,Tuesday,МЕРЧЕНДАЙЗЕР_7,4,Эдельвейс,"г.Казань, Сахарова ул., 13 а",14:20,0:27,2,0.514
19.05.2020,Tuesday,МЕРЧЕНДАЙЗЕР_7,5,Пятёрочка,"г.Казань, Ломжинская ул., 24Б",14:47,0:15,2,0.225
19.05.2020,Tuesday,МЕРЧЕНДАЙЗЕР_7,6,Эдельвейс,"г.Казань, Ломжинская ул, 2 а",15:02,0:54,4,0.839
19.05.2020,Tuesday,МЕРЧЕНДАЙЗЕР_7,7,Пятёрочка,"г.Казань, Победы пр-кт, 19",15:57,2:44,2,-1.0
19.05.2020,Tuesday,МЕРЧЕНДАЙЗЕР_8,1,Бахетле,"г.Казань, Фучика ул., 96",09:00,0:45,2,1.548
19.05.2020,Tuesday,МЕРЧЕНДАЙЗЕР_8,2,Детский мир,"г.Казань, Петербургская ул., 9",09:46,3:05,5,0.322
19.05.2020,Tuesday,МЕРЧЕНДАЙЗЕР_8,3,Магнит,"г.Казань, Нурсултана Назарбаева ул., 66",12:51,0:30,2,-1.0
19.05.2020,Tuesday,МЕРЧЕНДАЙЗЕР_9,1,Перекресток,"г.Казань, Декабристов ул., 79",09:00,0:40,2,3.332
19.05.2020,Tuesday,МЕРЧЕНДАЙЗЕР_9,2,Детский мир,"г.Казань, Победы пр-кт, 91",09:43,5:22,2,1.77
19.05.2020,Tuesday,МЕРЧЕНДАЙЗЕР_9,3,Магнит,"г.Казань, Татарстан ул., 18",15:07,0:49,2,-1.0
19.05.2020,Tuesday,МЕРЧЕНДАЙЗЕР_10,1,Детский мир,"г.Казань, Ибрагимова пр-кт, 56",09:00,2:50,5,0.712
19.05.2020,Tuesday,МЕРЧЕНДАЙЗЕР_10,2,Эдельвейс,"г.Казань, Лат.Стрелков ул., 10",11:50,0:52,2,0.519
19.05.2020,Tuesday,МЕРЧЕНДАЙЗЕР_10,3,Дочки-сыночки,"г.Казань, Ибрагимова ул., 56",12:43,1:07,3,-1.0
19.05.2020,Tuesday,МЕРЧЕНДАЙЗЕР_11,1,Карусель,"г.Казань, Ибрагимова пр-кт, 56",09:00,3:25,3,4.944
19.05.2020,Tuesday,МЕРЧЕНДАЙЗЕР_11,2,Пятёрочка,"г.Казань, Декабристов ул., 8",12:29,0:05,1,17.494
19.05.2020,Tuesday,МЕРЧЕНДАЙЗЕР_11,3,Лента,"г.Казань, Рихарда Зорге ул., 11б",12:52,4:19,4,-1.0
19.05.2020,Tuesday,МЕРЧЕНДАЙЗЕР_12,1,Пятёрочка,"г.Казань, Фрунзе ул., 17",09:00,1:28,2,1.464
19.05.2020,Tuesday,МЕРЧЕНДАЙЗЕР_12,2,Эдельвейс,"г.Казань, Чуйкова ул., 38",10:29,0:58,2,2.857
19.05.2020,Tuesday,МЕРЧЕНДАЙЗЕР_12,3,Перекресток,"г.Казань, Победы пр-кт, 50б",11:30,0:52,3,1.033
19.05.2020,Tuesday,МЕРЧЕНДАЙЗЕР_12,4,Магнит,"г.Казань, Маршала Чуйкова ул., 40",12:23,0:22,2,5.603
19.05.2020,Tuesday,МЕРЧЕНДАЙЗЕР_12,5,Пятёрочка,"г.Казань, Батыршина ул., 20а",12:50,1:38,2,11.524
19.05.2020,Tuesday,МЕРЧЕНДАЙЗЕР_12,6,Пятёрочка,"г.Казань, Карбышева ул., 15",14:40,1:20,2,-1.0
19.05.2020,Tuesday,МЕРЧЕНДАЙЗЕР_13,1,Metro C&C,"г.Казань, Тихорецкая ул., 4",09:00,2:55,3,0.082
19.05.2020,Tuesday,МЕРЧЕНДАЙЗЕР_13,2,Бахетле,"г.Казань, Оренбургский Тракт ул., 22а",11:55,0:51,2,1.614
19.05.2020,Tuesday,МЕРЧЕНДАЙЗЕР_13,3,Перекресток,"г.Казань, Краснококшайская ул., 150/2",12:47,2:14,2,1.371
19.05.2020,Tuesday,МЕРЧЕНДАЙЗЕР_13,4,Дочки-сыночки,"г.Казань, Фучика ул., 90",15:03,2:31,2,0.641
19.05.2020,Tuesday,МЕРЧЕНДАЙЗЕР_13,5,Пятёрочка,"г.Казань, Хусаина Ямашева пр-кт, 92 А",17:34,0:15,2,0.0
19.05.2020,Tuesday,МЕРЧЕНДАЙЗЕР_13,6,Бахетле,"г.Казань, Мавлютова ул., 45",17:49,0:55,3,-1.0
19.05.2020,Tuesday,МЕРЧЕНДАЙЗЕР_14,1,Магнит,"г.Казань, Краснококшайская ул., 164",09:00,0:42,2,2.716
19.05.2020,Tuesday,МЕРЧЕНДАЙЗЕР_14,2,Эдельвейс,"г.Казань, Лушникова ул., 2",09:44,1:07,2,2.307
19.05.2020,Tuesday,МЕРЧЕНДАЙЗЕР_14,3,Пятёрочка,"г.Казань, Ибрагимова пр-кт, 32 А",10:54,0:54,2,2.161
19.05.2020,Tuesday,МЕРЧЕНДАЙЗЕР_14,4,Дочки-сыночки,"г.Казань, Чуйкова ул., 28",11:50,3:35,3,2.63
19.05.2020,Tuesday,МЕРЧЕНДАЙЗЕР_14,5,Пятёрочка,"г.Казань, Хусаина Ямашева пр-кт, 51 Б",15:27,0:52,2,1.456
19.05.2020,Tuesday,МЕРЧЕНДАЙЗЕР_14,6,Магнит,"г.Казань, Чуйкова ул., 31",16:21,1:26,2,-1.0
21.05.2020,Thursday,МЕРЧЕНДАЙЗЕР_0,1,Пятёрочка,"г.Казань, Татарстана ул., 47а",09:00,1:30,1,2.314
21.05.2020,Thursday,МЕРЧЕНДАЙЗЕР_0,2,Эдельвейс,"г.Казань, Павлова ул., 23",10:32,1:14,2,1.301
21.05.2020,Thursday,МЕРЧЕНДАЙЗЕР_0,3,Эдельвейс,"г.Казань, Восстания ул., 56",11:47,1:05,3,8.8
21.05.2020,Thursday,МЕРЧЕНДАЙЗЕР_0,4,Эдельвейс,"г.Казань, Фрунзе , 9",13:01,2:02,2,4.166
21.05.2020,Thursday,МЕРЧЕНДАЙЗЕР_0,5,Пятёрочка,"г.Казань, Адоратского ул., 32А",15:08,1:07,2,1.14
21.05.2020,Thursday,МЕРЧЕНДАЙЗЕР_0,6,Эдельвейс,"г.Казань, Адоратского ул., 12",16:16,1:50,3,1.684
21.05.2020,Thursday,МЕРЧЕНДАЙЗЕР_0,7,Пятёрочка,"г.Казань, Ямашева пр-кт, 92а",18:08,0:43,2,-1.0
21.05.2020,Thursday,МЕРЧЕНДАЙЗЕР_1,1,Пятёрочка,"г.Казань, Ямашева ул., 82",09:00,0:41,2,3.104
21.05.2020,Thursday,МЕРЧЕНДАЙЗЕР_1,2,Пятёрочка,"г.Казань, Лаврентьева ул., 11",09:44,1:10,1,0.318
21.05.2020,Thursday,МЕРЧЕНДАЙЗЕР_1,3,Пятёрочка,"г.Казань, Адоратского ул., 29",10:54,0:59,2,1.361
21.05.2020,Thursday,МЕРЧЕНДАЙЗЕР_1,4,Эдельвейс,"г.Казань, Адоратского ул., 33а",11:54,1:43,4,6.803
21.05.2020,Thursday,МЕРЧЕНДАЙЗЕР_1,5,Эдельвейс,"г.Казань, Авангардная ул., 171 б",13:44,1:00,2,-1.0
21.05.2020,Thursday,МЕРЧЕНДАЙЗЕР_2,1,Эдельвейс,"г.Казань, Кошевого ул., 6",09:00,1:06,2,3.484
21.05.2020,Thursday,МЕРЧЕНДАЙЗЕР_2,2,Пятёрочка,"г.Казань, Восстания ул., 83а",10:09,1:05,1,1.662
21.05.2020,Thursday,МЕРЧЕНДАЙЗЕР_2,3,Магнит,"г.Казань, Короленко ул., 41",11:16,0:23,2,1.538
21.05.2020,Thursday,МЕРЧЕНДАЙЗЕР_2,4,Бахетле,"г.Казань, Чистопольская ул., 14",11:40,1:02,2,0.972
21.05.2020,Thursday,МЕРЧЕНДАЙЗЕР_2,5,Эдельвейс,"г.Казань, Ямашева пр-кт, 54",12:43,0:52,3,2.212
21.05.2020,Thursday,МЕРЧЕНДАЙЗЕР_2,6,Магнит,"г.Казань, Баки Урманче ул., 8",13:37,1:26,2,0.316
21.05.2020,Thursday,МЕРЧЕНДАЙЗЕР_2,7,Бахетле,"г.Казань, Декабристов ул., 178А",15:04,1:20,3,5.177
21.05.2020,Thursday,МЕРЧЕНДАЙЗЕР_2,8,Эдельвейс,"г.Казань, Мамадышский тракт, 36а",16:29,1:55,2,-1.0
21.05.2020,Thursday,МЕРЧЕНДАЙЗЕР_3,1,Магнит,"г.Казань, Авангардная ул., 90 корп.48",09:00,0:37,2,0.0
21.05.2020,Thursday,МЕРЧЕНДАЙЗЕР_3,2,Эдельвейс,"г.Казань, Петербургская ул., 1",09:37,2:27,3,6.386
21.05.2020,Thursday,МЕРЧЕНДАЙЗЕР_3,3,Бахетле,"г.Казань, Павлюхина ул., 57",12:10,1:10,4,4.014
21.05.2020,Thursday,МЕРЧЕНДАЙЗЕР_3,4,Магнит,"г.Казань, Фатыха Амирхана пр-т, 2",13:24,1:26,2,7.487
21.05.2020,Thursday,МЕРЧЕНДАЙЗЕР_3,5,Эдельвейс,"г.Казань, Павлюхина ул., 101",14:57,1:02,1,-1.0
21.05.2020,Thursday,МЕРЧЕНДАЙЗЕР_4,1,Эдельвейс,"г.Казань, Фучика ул., 30",09:00,1:20,3,1.636
21.05.2020,Thursday,МЕРЧЕНДАЙЗЕР_4,2,Пятёрочка,"г.Казань, Павлюхина ул., 110в",10:21,1:33,2,3.639
21.05.2020,Thursday,МЕРЧЕНДАЙЗЕР_4,3,Пятёрочка,"г.Казань, Фучика ул., 14в",11:58,0:35,1,4.288
21.05.2020,Thursday,МЕРЧЕНДАЙЗЕР_4,4,Магнит,"г.Казань, Фучика ул., 87",12:37,0:26,2,4.431
21.05.2020,Thursday,МЕРЧЕНДАЙЗЕР_4,5,Эссен,"г.Казань, Кул-Гали ул., 9А",13:07,0:35,4,7.607
21.05.2020,Thursday,МЕРЧЕНДАЙЗЕР_4,6,Эдельвейс,"г.Казань, Фучика ул., 72",13:50,1:59,3,2.349
21.05.2020,Thursday,МЕРЧЕНДАЙЗЕР_4,7,Бахетле,"г.Казань, Сибирский тракт, 4",15:51,1:10,3,5.726
21.05.2020,Thursday,МЕРЧЕНДАЙЗЕР_4,8,Пятёрочка,"г.Казань, Мамадышский тракт ул., 48",17:07,1:47,2,-1.0
21.05.2020,Thursday,МЕРЧЕНДАЙЗЕР_5,1,Бахетле,"г.Казань, Мамадышский тракт, 46",09:00,1:05,2,0.57
21.05.2020,Thursday,МЕРЧЕНДАЙЗЕР_5,2,Эдельвейс,"г.Казань, Сибирский тракт ул., 44",10:05,0:35,2,0.0
21.05.2020,Thursday,МЕРЧЕНДАЙЗЕР_5,3,Пятёрочка,"г.Казань, Профессора Камая ул., 1",10:40,1:06,2,0.056
21.05.2020,Thursday,МЕРЧЕНДАЙЗЕР_5,4,Эдельвейс,"г.Казань, Зорге ул., 48",11:46,0:44,2,1.651
21.05.2020,Thursday,МЕРЧЕНДАЙЗЕР_5,5,Бахетле,"г.Казань, Ленинградская ул., 27",12:32,1:36,2,7.487
21.05.2020,Thursday,МЕРЧЕНДАЙЗЕР_5,6,Бахетле,"г.Казань, Проспект Победы , 141",14:15,1:09,3,-1.0
21.05.2020,Thursday,МЕРЧЕНДАЙЗЕР_6,1,Эдельвейс,"г.Казань, Карбышева ул., 35",09:00,0:31,2,0.951
21.05.2020,Thursday,МЕРЧЕНДАЙЗЕР_6,2,Кроха,"г.Казань, Сибирский тракт, 13",09:31,1:14,2,1.016
21.05.2020,Thursday,МЕРЧЕНДАЙЗЕР_6,3,Пятёрочка,"г.Казань, Мавлютова ул., 29",10:46,0:33,3,-1.0
21.05.2020,Thursday,МЕРЧЕНДАЙЗЕР_7,1,Магнит,"г.Казань, Академика Парина ул., 22",09:00,1:02,2,2.205
21.05.2020,Thursday,МЕРЧЕНДАЙЗЕР_7,2,Эдельвейс,"г.Казань, Победы пр-кт, 116",10:04,0:38,2,0.857
21.05.2020,Thursday,МЕРЧЕНДАЙЗЕР_7,3,Магнит,"г.Казань, Юлиуса Фучика ул., 49",10:43,0:43,2,1.216
21.05.2020,Thursday,МЕРЧЕНДАЙЗЕР_7,4,Эдельвейс,"г.Казань, Эсперанто ул., 54",11:27,1:13,2,0.51
21.05.2020,Thursday,МЕРЧЕНДАЙЗЕР_7,5,Эдельвейс,"г.Казань, Эсперанто ул., 9/2",12:40,0:23,2,0.364
21.05.2020,Thursday,МЕРЧЕНДАЙЗЕР_7,6,Магнит,"г.Казань, Ломжинская ул., 4а",13:04,0:34,2,0.903
21.05.2020,Thursday,МЕРЧЕНДАЙЗЕР_7,7,Эдельвейс,"г.Казань, Ломжинская ул, 2 а",13:39,0:54,4,1.265
21.05.2020,Thursday,МЕРЧЕНДАЙЗЕР_7,8,Магнит,"г.Казань, Петербургская ул., 1",14:34,1:12,2,0.492
21.05.2020,Thursday,МЕРЧЕНДАЙЗЕР_7,9,Эдельвейс,"г.Казань, Зайцева ул., 10",15:46,0:32,1,-1.0
21.05.2020,Thursday,МЕРЧЕНДАЙЗЕР_8,1,Детский мир,"г.Казань, Победы пр-кт, 141",09:00,2:24,3,1.341
21.05.2020,Thursday,МЕРЧЕНДАЙЗЕР_8,2,Детский мир,"г.Казань, Петербургская ул., 9",11:25,3:05,5,0.516
21.05.2020,Thursday,МЕРЧЕНДАЙЗЕР_8,3,Пятёрочка,"г.Казань, Сафиуллина ул., 5",14:30,0:59,1,-1.0
21.05.2020,Thursday,МЕРЧЕНДАЙЗЕР_9,1,Эдельвейс,"г.Казань, Черноморская ул., 11",09:00,0:41,1,1.047
21.05.2020,Thursday,МЕРЧЕНДАЙЗЕР_9,2,Эдельвейс,"г.Казань, Парина ул., 16",09:42,0:46,3,-1.0
21.05.2020,Thursday,МЕРЧЕНДАЙЗЕР_10,1,Пятёрочка,"г.Казань, Мусина ул., 29б",09:00,0:45,2,0.812
21.05.2020,Thursday,МЕРЧЕНДАЙЗЕР_10,2,Пятёрочка,"г.Казань, Ямашева пр-кт, 54 корп. 2",09:45,0:45,2,0.416
21.05.2020,Thursday,МЕРЧЕНДАЙЗЕР_10,3,Магнит,"г.Казань, Ямашева пр-кт, 23",10:31,1:26,2,0.525
21.05.2020,Thursday,МЕРЧЕНДАЙЗЕР_10,4,Пятёрочка,"г.Казань, Черноморская ул., 3",11:57,0:32,1,0.139
21.05.2020,Thursday,МЕРЧЕНДАЙЗЕР_10,5,Детский мир,"г.Казань, Ибрагимова пр-кт, 56",12:29,2:50,5,1.134
21.05.2020,Thursday,МЕРЧЕНДАЙЗЕР_10,6,Дочки-сыночки,"г.Казань, Ибрагимова ул., 56",15:21,1:07,3,-1.0
21.05.2020,Thursday,МЕРЧЕНДАЙЗЕР_11,1,Эдельвейс,"г.Казань, Мавлютова ул, 17",09:00,1:18,3,4.206
21.05.2020,Thursday,МЕРЧЕНДАЙЗЕР_11,2,Карусель,"г.Казань, Ибрагимова пр-кт, 56",10:22,3:25,3,-1.0
21.05.2020,Thursday,МЕРЧЕНДАЙЗЕР_12,1,Пятёрочка,"г.Казань, Восстания ул., 129",09:00,0:45,1,1.566
21.05.2020,Thursday,МЕРЧЕНДАЙЗЕР_12,2,Перекресток,"г.Казань, Победы пр-кт, 50б",09:46,0:52,3,2.118
21.05.2020,Thursday,МЕРЧЕНДАЙЗЕР_12,3,Эдельвейс,"г.Казань, Короленко ул., 73",10:40,0:52,2,1.932
21.05.2020,Thursday,МЕРЧЕНДАЙЗЕР_12,4,Эдельвейс,"г.Казань, Оренбургский тракт, 138",11:34,0:35,3,2.199
21.05.2020,Thursday,МЕРЧЕНДАЙЗЕР_12,5,Пятёрочка,"г.Казань, Кулахметова ул., 20а",12:11,1:27,2,2.802
21.05.2020,Thursday,МЕРЧЕНДАЙЗЕР_12,6,Пятёрочка,"г.Казань, Фрунзе ул., 5",13:41,2:07,1,1.88
21.05.2020,Thursday,МЕРЧЕНДАЙЗЕР_12,7,Магнит,"г.Казань, Фрунзе ул., 11",15:50,0:34,2,-1.0
21.05.2020,Thursday,МЕРЧЕНДАЙЗЕР_13,1,Бахетле,"г.Казань, Мавлютова ул., 45",09:00,0:55,3,2.429
21.05.2020,Thursday,МЕРЧЕНДАЙЗЕР_13,2,Metro C&C,"г.Казань, Тихорецкая ул., 4",09:57,2:55,3,0.278
21.05.2020,Thursday,МЕРЧЕНДАЙЗЕР_13,3,Пятёрочка,"г.Казань, Баки Урманче ул., 8",12:52,0:59,2,-1.0
21.05.2020,Thursday,МЕРЧЕНДАЙЗЕР_14,1,Эдельвейс,"г.Казань, Гареева ул., 108",09:00,1:25,3,0.581
21.05.2020,Thursday,МЕРЧЕНДАЙЗЕР_14,2,Эдельвейс,"г.Казань, Максимова ул., 4а",10:25,1:12,2,2.658
21.05.2020,Thursday,МЕРЧЕНДАЙЗЕР_14,3,Дочки-сыночки,"г.Казань, Чуйкова ул., 28",11:40,3:35,3,1.322
21.05.2020,Thursday,МЕРЧЕНДАЙЗЕР_14,4,Бахетле,"г.Казань, Ямашева пр-кт, 71а",15:16,1:03,3,1.499
21.05.2020,Thursday,МЕРЧЕНДАЙЗЕР_14,5,Пятёрочка,"г.Казань, Хусаина Ямашева пр-кт, 51 Б",16:21,0:52,2,1.931
21.05.2020,Thursday,МЕРЧЕНДАЙЗЕР_14,6,Магнит,"г.Казань, Амирхана ул., 71",17:14,1:16,2,-1.0
22.05.2020,Friday,МЕРЧЕНДАЙЗЕР_0,1,Магнит,"г.Казань, Ибрагимова пр-кт, 61",09:00,1:35,1,0.543
22.05.2020,Friday,МЕРЧЕНДАЙЗЕР_0,2,Пятёрочка,"г.Казань, Гагарина ул., 22",10:35,1:44,1,0.534
22.05.2020,Friday,МЕРЧЕНДАЙЗЕР_0,3,Пятёрочка,"г.Казань, Саид-Галеева ул., 6",12:20,1:26,2,2.228
22.05.2020,Friday,МЕРЧЕНДАЙЗЕР_0,4,Магнит,"г.Казань, Гагарина ул., 24",13:48,0:51,1,12.783
22.05.2020,Friday,МЕРЧЕНДАЙЗЕР_0,5,Эдельвейс,"г.Казань, Амирхана ул., 97",14:52,1:33,2,0.951
22.05.2020,Friday,МЕРЧЕНДАЙЗЕР_0,6,Эдельвейс,"г.Казань, Голубятникова ул., 21а",16:26,1:12,2,-1.0
22.05.2020,Friday,МЕРЧЕНДАЙЗЕР_1,1,Магнит,"г.Казань, Достоевского ул., 53",09:00,0:24,2,3.509
22.05.2020,Friday,МЕРЧЕНДАЙЗЕР_1,2,Пятёрочка,"г.Казань, Вишневского ул., 10",09:27,0:59,2,3.772
22.05.2020,Friday,МЕРЧЕНДАЙЗЕР_1,3,Магнит,"г.Казань, Горьковское ш., 6",10:30,1:32,2,0.0
22.05.2020,Friday,МЕРЧЕНДАЙЗЕР_1,4,Эдельвейс,"г.Казань, Карбышева ул., 15",12:02,0:41,2,0.917
22.05.2020,Friday,МЕРЧЕНДАЙЗЕР_1,5,Пятёрочка,"г.Казань, Амирхана пр-кт, 85 А",12:44,0:41,2,0.0
22.05.2020,Friday,МЕРЧЕНДАЙЗЕР_1,6,Магнит,"г.Казань, Фатыха Амирхана пр-кт, 97а",13:25,0:37,2,1.746
22.05.2020,Friday,МЕРЧЕНДАЙЗЕР_1,7,Пятёрочка,"г.Казань, Амирхана ул., 36",14:03,0:30,2,0.897
22.05.2020,Friday,МЕРЧЕНДАЙЗЕР_1,8,Магнит,"г.Казань, Маршала Чуйкова ул., 3",14:34,0:39,2,0.131
22.05.2020,Friday,МЕРЧЕНДАЙЗЕР_1,9,Пятёрочка,"г.Казань, Амирхана ул., 30",15:13,0:35,2,1.579
22.05.2020,Friday,МЕРЧЕНДАЙЗЕР_1,10,Эдельвейс,"г.Казань, Амирхана ул., 41",15:50,1:11,2,-1.0
22.05.2020,Friday,МЕРЧЕНДАЙЗЕР_2,1,Пятёрочка,"г.Казань, Вишневского ул., 49",09:00,1:08,3,1.743
22.05.2020,Friday,МЕРЧЕНДАЙЗЕР_2,2,Пятёрочка,"г.Казань, Универсиады пр-кт, 12",10:09,0:39,2,1.471
22.05.2020,Friday,МЕРЧЕНДАЙЗЕР_2,3,Эдельвейс,"г.Казань, Универсиады пр-кт, 16",10:50,0:55,2,3.805
22.05.2020,Friday,МЕРЧЕНДАЙЗЕР_2,4,Верный,"г.Казань, Бондаренко ул., 26",11:49,0:20,2,0.547
22.05.2020,Friday,МЕРЧЕНДАЙЗЕР_2,5,Магнит,"г.Казань, Чистопольская ул., 11",12:09,1:15,2,2.718
22.05.2020,Friday,МЕРЧЕНДАЙЗЕР_2,6,Перекресток,"г.Казань, Чистопольская ул., 69",13:27,0:59,2,-1.0
22.05.2020,Friday,МЕРЧЕНДАЙЗЕР_3,1,Бахетле,"г.Казань, Залесная ул., 66",09:00,1:39,2,4.076
22.05.2020,Friday,МЕРЧЕНДАЙЗЕР_3,2,Эдельвейс,"г.Казань, Ибрагимова ул., 41",10:43,0:29,2,1.662
22.05.2020,Friday,МЕРЧЕНДАЙЗЕР_3,3,Бахетле,"г.Казань, Ершова ул., 8",11:13,1:39,3,-1.0
22.05.2020,Friday,МЕРЧЕНДАЙЗЕР_4,1,Пятёрочка,"г.Казань, Мира ул., 7",09:00,0:33,2,4.74
22.05.2020,Friday,МЕРЧЕНДАЙЗЕР_4,2,Магнит,"г.Казань, Восстания ул., 36",09:37,0:38,1,1.667
22.05.2020,Friday,МЕРЧЕНДАЙЗЕР_4,3,Эдельвейс,"г.Казань, Сафиуллина ул., 40",10:17,1:42,2,0.974
22.05.2020,Friday,МЕРЧЕНДАЙЗЕР_4,4,Магнит,"г.Казань, Зорге ул., 66",12:00,0:35,2,7.62
22.05.2020,Friday,МЕРЧЕНДАЙЗЕР_4,5,Эдельвейс,"г.Казань, Фучика ул., 105 а",12:43,2:04,2,0.29
22.05.2020,Friday,МЕРЧЕНДАЙЗЕР_4,6,Пятёрочка,"г.Казань, Юлиуса Фучика ул., 105А",14:47,1:09,2,0.728
22.05.2020,Friday,МЕРЧЕНДАЙЗЕР_4,7,Эдельвейс,"г.Казань, Зорге ул., 97",15:57,0:51,2,-1.0
22.05.2020,Friday,МЕРЧЕНДАЙЗЕР_5,1,Эдельвейс,"г.Казань, 40 лет Октября ул., 4",09:00,1:03,2,3.11
22.05.2020,Friday,МЕРЧЕНДАЙЗЕР_5,2,Пятёрочка,"г.Казань, Чуйкова ул., 17",10:06,0:45,2,0.278
22.05.2020,Friday,МЕРЧЕНДАЙЗЕР_5,3,Магнит,"г.Казань, Чуйкова ул., 23",10:51,1:26,2,2.787
22.05.2020,Friday,МЕРЧЕНДАЙЗЕР_5,4,Пятёрочка,"г.Казань, Маршала Чуйкова ул., 25",12:20,0:25,2,2.787
22.05.2020,Friday,МЕРЧЕНДАЙЗЕР_5,5,Пятёрочка,"г.Казань, Мира ул., 33",12:47,0:14,2,-1.0
22.05.2020,Friday,МЕРЧЕНДАЙЗЕР_6,1,Пятёрочка,"г.Казань, Победы пр-кт, 43",09:00,0:53,1,1.364
22.05.2020,Friday,МЕРЧЕНДАЙЗЕР_6,2,Бахетле,"г.Казань, Мира ул., 29а",09:54,2:02,2,0.642
22.05.2020,Friday,МЕРЧЕНДАЙЗЕР_6,3,Эдельвейс,"г.Казань, Мира ул., 37",11:58,0:46,2,1.664
22.05.2020,Friday,МЕРЧЕНДАЙЗЕР_6,4,Эдельвейс,"г.Казань, Кул Гали ул., 32",12:45,1:50,2,5.999
22.05.2020,Friday,МЕРЧЕНДАЙЗЕР_6,5,Пятёрочка,"г.Казань, Ибрагимова пр-кт, 45",14:41,1:13,2,-1.0
22.05.2020,Friday,МЕРЧЕНДАЙЗЕР_7,1,Эдельвейс,"г.Казань, Главная ул., 69",09:00,3:15,2,0.178
22.05.2020,Friday,МЕРЧЕНДАЙЗЕР_7,2,Пятёрочка,"г.Казань, Даурская ул., 38",12:15,0:59,2,0.555
22.05.2020,Friday,МЕРЧЕНДАЙЗЕР_7,3,Эдельвейс,"г.Казань, Победы пр-кт, 220В",13:14,0:48,2,1.375
22.05.2020,Friday,МЕРЧЕНДАЙЗЕР_7,4,Перекресток,"г.Казань, Спартаковская ул., 6",14:04,1:02,2,2.68
22.05.2020,Friday,МЕРЧЕНДАЙЗЕР_7,5,Пятёрочка,"г.Казань, Победы пр-кт, 33",15:08,0:31,2,0.977
22.05.2020,Friday,МЕРЧЕНДАЙЗЕР_7,6,Эдельвейс,"г.Казань, Сахарова ул., 13 а",15:40,0:27,2,0.514
22.05.2020,Friday,МЕРЧЕНДАЙЗЕР_7,7,Пятёрочка,"г.Казань, Ломжинская ул., 24Б",16:08,0:15,2,0.911
22.05.2020,Friday,МЕРЧЕНДАЙЗЕР_7,8,Пятёрочка,"г.Казань, Рихарда Зорге ул., 47",16:24,1:28,2,1.889
22.05.2020,Friday,МЕРЧЕНДАЙЗЕР_7,9,Магнит,"г.Казань, Победы пр-кт, 43",17:54,0:27,1,-1.0
22.05.2020,Friday,МЕРЧЕНДАЙЗЕР_8,1,Детский мир,"г.Казань, Петербургская ул., 9",09:00,3:05,5,0.322
22.05.2020,Friday,МЕРЧЕНДАЙЗЕР_8,2,Магнит,"г.Казань, Нурсултана Назарбаева ул., 66",12:05,0:30,2,1.078
22.05.2020,Friday,МЕРЧЕНДАЙЗЕР_8,3,Перекресток,"г.Казань, Минская ул., 9",12:36,0:46,1,1.361
22.05.2020,Friday,МЕРЧЕНДАЙЗЕР_8,4,Бахетле,"г.Казань, Фучика ул., 96",13:23,0:45,2,-1.0
22.05.2020,Friday,МЕРЧЕНДАЙЗЕР_9,1,Карусель,"г.Казань, Ямашева пр-кт, 93",09:00,3:57,2,4.28
22.05.2020,Friday,МЕРЧЕНДАЙЗЕР_9,2,Детский мир,"г.Казань, Победы пр-кт, 91",13:01,5:22,2,-1.0
22.05.2020,Friday,МЕРЧЕНДАЙЗЕР_10,1,Эдельвейс,"г.Казань, Ибрагимова пр-кт, 59",09:00,1:03,2,1.476
22.05.2020,Friday,МЕРЧЕНДАЙЗЕР_10,2,Бахетле,"г.Казань, Зорге ул., 77",10:04,1:40,2,0.284
22.05.2020,Friday,МЕРЧЕНДАЙЗЕР_10,3,Детский мир,"г.Казань, Ибрагимова пр-кт, 56",11:44,2:50,5,0.629
22.05.2020,Friday,МЕРЧЕНДАЙЗЕР_10,4,Магнит,"г.Казань, Ибрагимова пр-кт, 83а",14:35,0:24,2,0.084
22.05.2020,Friday,МЕРЧЕНДАЙЗЕР_10,5,Эдельвейс,"г.Казань, Лат.Стрелков ул., 10",14:59,0:52,2,-1.0
22.05.2020,Friday,МЕРЧЕНДАЙЗЕР_11,1,Лента,"г.Казань, Рихарда Зорге ул., 11б",09:00,4:19,4,-1.0
22.05.2020,Friday,МЕРЧЕНДАЙЗЕР_12,1,Детский мир,"г.Казань, Рихарда Зорге ул., 11б",09:00,2:18,3,0.586
22.05.2020,Friday,МЕРЧЕНДАЙЗЕР_12,2,Пятёрочка,"г.Казань, Карбышева ул., 15",11:18,1:20,2,0.847
22.05.2020,Friday,МЕРЧЕНДАЙЗЕР_12,3,Магнит,"г.Казань, Карбышева ул., 40",12:39,1:19,1,11.479
22.05.2020,Friday,МЕРЧЕНДАЙЗЕР_12,4,Эдельвейс,"г.Казань, Адоратского ул., 11 а",14:09,2:02,2,2.027
22.05.2020,Friday,МЕРЧЕНДАЙЗЕР_12,5,Магнит,"г.Казань, Родины  ул., 1",16:14,1:24,2,-1.0
22.05.2020,Friday,МЕРЧЕНДАЙЗЕР_13,1,Эдельвейс,"г.Казань, Бутырский пер., 142/1",09:00,0:59,1,0.948
22.05.2020,Friday,МЕРЧЕНДАЙЗЕР_13,2,Дочки-сыночки,"г.Казань, Фучика ул., 90",09:59,2:31,2,0.641
22.05.2020,Friday,МЕРЧЕНДАЙЗЕР_13,3,Пятёрочка,"г.Казань, Хусаина Ямашева пр-кт, 92 А",12:31,0:15,2,0.668
22.05.2020,Friday,МЕРЧЕНДАЙЗЕР_13,4,Карусель,"г.Казань, Фучика ул., 90",12:47,1:35,2,0.529
22.05.2020,Friday,МЕРЧЕНДАЙЗЕР_13,5,Эдельвейс,"г.Казань, Нижняя ул., 8",14:22,1:03,2,2.062
22.05.2020,Friday,МЕРЧЕНДАЙЗЕР_13,6,Бахетле,"г.Казань, Оренбургский Тракт ул., 22а",15:27,0:51,2,-1.0
22.05.2020,Friday,МЕРЧЕНДАЙЗЕР_14,1,Пятёрочка,"г.Казань, Залесная ул., 5",09:00,0:52,2,0.0
22.05.2020,Friday,МЕРЧЕНДАЙЗЕР_14,2,Пятёрочка,"г.Казань, Горьковское ш., 4",09:52,1:33,2,1.348
22.05.2020,Friday,МЕРЧЕНДАЙЗЕР_14,3,Пятёрочка,"г.Казань, Ибрагимова пр-кт, 32 А",11:26,0:54,2,0.887
22.05.2020,Friday,МЕРЧЕНДАЙЗЕР_14,4,Магнит,"г.Казань, Декабристов ул., 112",12:21,0:50,1,0.768
22.05.2020,Friday,МЕРЧЕНДАЙЗЕР_14,5,Бахетле,"г.Казань, Московская ул., 2",13:12,1:31,2,3.373
22.05.2020,Friday,МЕРЧЕНДАЙЗЕР_14,6,Магнит,"г.Казань, Чуйкова ул., 31",14:46,1:26,2,0.837
22.05.2020,Friday,МЕРЧЕНДАЙЗЕР_14,7,Магнит,"г.Казань, Чуйкова ул., 25",16:13,1:26,2,-1.0
23.05.2020,Saturday,МЕРЧЕНДАЙЗЕР_0,1,Эдельвейс,"г.Казань, Восстания ул., 56",09:00,1:05,3,12.42
23.05.2020,Saturday,МЕРЧЕНДАЙЗЕР_0,2,Магнит,"г.Казань, Даурская ул., 21/9",10:17,0:56,1,0.461
23.05.2020,Saturday,МЕРЧЕНДАЙЗЕР_0,3,Пятёрочка,"г.Казань, Адоратского ул., 32А",11:13,1:07,2,1.14
23.05.2020,Saturday,МЕРЧЕНДАЙЗЕР_0,4,Эдельвейс,"г.Казань, Адоратского ул., 12",12:22,1:50,3,2.897
23.05.2020,Saturday,МЕРЧЕНДАЙЗЕР_0,5,Эдельвейс,"г.Казань, Мусина ул., 61б",14:14,0:26,2,-1.0
23.05.2020,Saturday,МЕРЧЕНДАЙЗЕР_1,1,Эдельвейс,"г.Казань, Гаврилова ул., 30",09:00,1:04,2,0.784
23.05.2020,Saturday,МЕРЧЕНДАЙЗЕР_1,2,Пятёрочка,"г.Казань, Гаврилова ул., 30А",10:04,0:44,1,4.611
23.05.2020,Saturday,МЕРЧЕНДАЙЗЕР_1,3,Пятёрочка,"г.Казань, Даурская ул., 37",10:53,0:54,2,0.036
23.05.2020,Saturday,МЕРЧЕНДАЙЗЕР_1,4,Эдельвейс,"г.Казань, Адоратского ул., 33а",11:47,1:43,4,5.795
23.05.2020,Saturday,МЕРЧЕНДАЙЗЕР_1,5,Пятёрочка,"г.Казань, Достоевского ул., 73",13:36,0:44,1,-1.0
23.05.2020,Saturday,МЕРЧЕНДАЙЗЕР_2,1,Магнит,"г.Казань, Маршала Чуйкова ул., 58а",09:00,0:39,1,2.15
23.05.2020,Saturday,МЕРЧЕНДАЙЗЕР_2,2,Эдельвейс,"г.Казань, Ямашева пр-кт, 54",09:41,0:52,3,2.082
23.05.2020,Saturday,МЕРЧЕНДАЙЗЕР_2,3,Бахетле,"г.Казань, Декабристов ул., 178А",10:35,1:20,3,6.222
23.05.2020,Saturday,МЕРЧЕНДАЙЗЕР_2,4,Эдельвейс,"г.Казань, Ибрагимова пр-кт, 1",12:01,0:54,1,-1.0
23.05.2020,Saturday,МЕРЧЕНДАЙЗЕР_3,1,Магнит,"г.Казань, Фатыха Амирхана пр-т, 2",09:00,1:26,2,2.256
23.05.2020,Saturday,МЕРЧЕНДАЙЗЕР_3,2,Пятёрочка,"г.Казань, Академика Сахарова ул., 19а",10:28,1:08,1,0.0
23.05.2020,Saturday,МЕРЧЕНДАЙЗЕР_3,3,Пятёрочка,"г.Казань, Профессора Камая ул., 8А",11:36,0:40,2,2.396
23.05.2020,Saturday,МЕРЧЕНДАЙЗЕР_3,4,Бахетле,"г.Казань, Павлюхина ул., 57",12:18,1:10,4,0.416
23.05.2020,Saturday,МЕРЧЕНДАЙЗЕР_3,5,Пятёрочка,"г.Казань, Достоевского ул., 81",13:29,1:40,1,6.171
23.05.2020,Saturday,МЕРЧЕНДАЙЗЕР_3,6,Эдельвейс,"г.Казань, Петербургская ул., 1",15:15,2:27,3,-1.0
23.05.2020,Saturday,МЕРЧЕНДАЙЗЕР_4,1,Пятёрочка,"г.Казань, Фучика ул., 53а",09:00,0:52,1,0.594
23.05.2020,Saturday,МЕРЧЕНДАЙЗЕР_4,2,Эссен,"г.Казань, Кул-Гали ул., 9А",09:52,0:35,4,7.032
23.05.2020,Saturday,МЕРЧЕНДАЙЗЕР_4,3,Магнит,"г.Казань, Юлиуса Фучика ул., 88",10:34,0:10,2,2.137
23.05.2020,Saturday,МЕРЧЕНДАЙЗЕР_4,4,Эдельвейс,"г.Казань, Фучика ул., 72",10:46,1:59,3,4.132
23.05.2020,Saturday,МЕРЧЕНДАЙЗЕР_4,5,Пятёрочка,"г.Казань, Лушникова ул., 2",12:49,1:12,2,2.056
23.05.2020,Saturday,МЕРЧЕНДАЙЗЕР_4,6,Бахетле,"г.Казань, Сибирский тракт, 4",14:03,1:10,3,5.122
23.05.2020,Saturday,МЕРЧЕНДАЙЗЕР_4,7,Пятёрочка,"г.Казань, Павлюхина ул., 110в",15:19,1:33,2,0.702
23.05.2020,Saturday,МЕРЧЕНДАЙЗЕР_4,8,Эдельвейс,"г.Казань, Фучика ул., 30",16:52,1:20,3,-1.0
23.05.2020,Saturday,МЕРЧЕНДАЙЗЕР_5,1,Магнит,"г.Казань, Галимжана Баруди ул., 8",09:00,0:49,2,4.868
23.05.2020,Saturday,МЕРЧЕНДАЙЗЕР_5,2,Бахетле,"г.Казань, Проспект Победы , 141",09:53,1:09,3,3.382
23.05.2020,Saturday,МЕРЧЕНДАЙЗЕР_5,3,Верный,"г.Казань, Ямашева пр-кт, 33б",11:06,0:45,2,1.366
23.05.2020,Saturday,МЕРЧЕНДАЙЗЕР_5,4,Магнит,"г.Казань, Ямашева пр-кт, 39",11:52,2:35,2,4.054
23.05.2020,Saturday,МЕРЧЕНДАЙЗЕР_5,5,Пятёрочка,"г.Казань, Сибирский тракт ул., 17",14:31,1:18,2,2.338
23.05.2020,Saturday,МЕРЧЕНДАЙЗЕР_5,6,Эдельвейс,"г.Казань, Сибирский тракт ул., 44",15:52,0:35,2,-1.0
23.05.2020,Saturday,МЕРЧЕНДАЙЗЕР_6,1,Пятёрочка,"г.Казань, Ибрагимова пр-кт, 1",09:00,0:59,2,5.187
23.05.2020,Saturday,МЕРЧЕНДАЙЗЕР_6,2,Пятёрочка,"г.Казань, Рихарда Зорге ул., 67",10:04,0:57,1,1.335
23.05.2020,Saturday,МЕРЧЕНДАЙЗЕР_6,3,Магнит,"г.Казань, Татарстан ул., 7",11:02,0:43,2,0.6
23.05.2020,Saturday,МЕРЧЕНДАЙЗЕР_6,4,Пятёрочка,"г.Казань, Мавлютова ул., 29",11:46,0:33,3,1.016
23.05.2020,Saturday,МЕРЧЕНДАЙЗЕР_6,5,Кроха,"г.Казань, Сибирский тракт, 13",12:20,1:14,2,1.034
23.05.2020,Saturday,МЕРЧЕНДАЙЗЕР_6,6,Перекресток,"г.Казань, Сибирский тракт ул., 34",13:35,0:56,2,-1.0
23.05.2020,Saturday,МЕРЧЕНДАЙЗЕР_7,1,Магнит,"г.Казань, Сахарова ул., 18",09:00,0:38,1,1.269
23.05.2020,Saturday,МЕРЧЕНДАЙЗЕР_7,2,Магнит,"г.Казань, Фучика ул., 55б",09:39,0:37,1,0.611
23.05.2020,Saturday,МЕРЧЕНДАЙЗЕР_7,3,Магнит,"г.Казань, Сахарова ул., 1а",10:16,0:19,1,0.756
23.05.2020,Saturday,МЕРЧЕНДАЙЗЕР_7,4,Эдельвейс,"г.Казань, Ломжинская ул, 2 а",10:36,0:54,4,0.839
23.05.2020,Saturday,МЕРЧЕНДАЙЗЕР_7,5,Пятёрочка,"г.Казань, Победы пр-кт, 19",11:31,2:44,2,0.562
23.05.2020,Saturday,МЕРЧЕНДАЙЗЕР_7,6,Магнит,"г.Казань, Петербургская ул., 1",14:16,1:12,2,-1.0
23.05.2020,Saturday,МЕРЧЕНДАЙЗЕР_8,1,Детский мир,"г.Казань, Победы пр-кт, 141",09:00,2:24,3,1.341
23.05.2020,Saturday,МЕРЧЕНДАЙЗЕР_8,2,Детский мир,"г.Казань, Петербургская ул., 9",11:25,3:05,5,-1.0
23.05.2020,Saturday,МЕРЧЕНДАЙЗЕР_9,1,Перекресток,"г.Казань, Декабристов ул., 79",09:00,0:40,2,1.569
23.05.2020,Saturday,МЕРЧЕНДАЙЗЕР_9,2,Эдельвейс,"г.Казань, Парина ул., 16",09:41,0:46,3,2.204
23.05.2020,Saturday,МЕРЧЕНДАЙЗЕР_9,3,Магнит,"г.Казань, Татарстан ул., 18",10:29,0:49,2,-1.0
23.05.2020,Saturday,МЕРЧЕНДАЙЗЕР_10,1,Детский мир,"г.Казань, Ибрагимова пр-кт, 56",09:00,2:50,5,1.134
23.05.2020,Saturday,МЕРЧЕНДАЙЗЕР_10,2,Дочки-сыночки,"г.Казань, Ибрагимова ул., 56",11:51,1:07,3,-1.0
23.05.2020,Saturday,МЕРЧЕНДАЙЗЕР_11,1,Лента,"г.Казань, Рихарда Зорге ул., 11б",09:00,4:19,4,18.013
23.05.2020,Saturday,МЕРЧЕНДАЙЗЕР_11,2,Эдельвейс,"г.Казань, Мавлютова ул, 17",13:37,1:18,3,4.206
23.05.2020,Saturday,МЕРЧЕНДАЙЗЕР_11,3,Карусель,"г.Казань, Ибрагимова пр-кт, 56",14:59,3:25,3,-1.0
23.05.2020,Saturday,МЕРЧЕНДАЙЗЕР_12,1,Эдельвейс,"г.Казань, Оренбургский тракт, 138",09:00,0:35,3,1.487
23.05.2020,Saturday,МЕРЧЕНДАЙЗЕР_12,2,Пятёрочка,"г.Казань, Фрунзе ул., 17",09:36,1:28,2,1.464
23.05.2020,Saturday,МЕРЧЕНДАЙЗЕР_12,3,Эдельвейс,"г.Казань, Чуйкова ул., 38",11:05,0:58,2,3.403
23.05.2020,Saturday,МЕРЧЕНДАЙЗЕР_12,4,Магнит,"г.Казань, Маршала Чуйкова ул., 40",12:07,0:22,2,0.848
23.05.2020,Saturday,МЕРЧЕНДАЙЗЕР_12,5,Пятёрочка,"г.Казань, Кулахметова ул., 20а",12:30,1:27,2,4.991
23.05.2020,Saturday,МЕРЧЕНДАЙЗЕР_12,6,Пятёрочка,"г.Казань, Батыршина ул., 20а",14:02,1:38,2,11.533
23.05.2020,Saturday,МЕРЧЕНДАЙЗЕР_12,7,Эдельвейс,"г.Казань, Гвардейская ул., 40",15:51,0:34,2,0.941
23.05.2020,Saturday,МЕРЧЕНДАЙЗЕР_12,8,Детский мир,"г.Казань, Рихарда Зорге ул., 11б",16:26,2:18,3,-1.0
23.05.2020,Saturday,МЕРЧЕНДАЙЗЕР_13,1,Metro C&C,"г.Казань, Тихорецкая ул., 4",09:00,2:55,3,1.654
23.05.2020,Saturday,МЕРЧЕНДАЙЗЕР_13,2,Перекресток,"г.Казань, Краснококшайская ул., 150/2",11:56,2:14,2,1.717
23.05.2020,Saturday,МЕРЧЕНДАЙЗЕР_13,3,Бахетле,"г.Казань, Мавлютова ул., 45",14:12,0:55,3,-1.0
23.05.2020,Saturday,МЕРЧЕНДАЙЗЕР_14,1,Магнит,"г.Казань, Амирхана ул., 71",09:00,1:16,2,3.076
23.05.2020,Saturday,МЕРЧЕНДАЙЗЕР_14,2,Дочки-сыночки,"г.Казань, Чуйкова ул., 28",10:19,3:35,3,1.322
23.05.2020,Saturday,МЕРЧЕНДАЙЗЕР_14,3,Бахетле,"г.Казань, Ямашева пр-кт, 71а",13:55,1:03,3,3.584
23.05.2020,Saturday,МЕРЧЕНДАЙЗЕР_14,4,Магнит,"г.Казань, Краснококшайская ул., 164",15:01,0:42,2,0.824
23.05.2020,Saturday,МЕРЧЕНДАЙЗЕР_14,5,Эдельвейс,"г.Казань, Гареева ул., 108",15:44,1:25,3,1.961
23.05.2020,Saturday,МЕРЧЕНДАЙЗЕР_14,6,Эдельвейс,"г.Казань, Лушникова ул., 2",17:11,1:07,2,-1.0
